{
	"id": "6ff85638-8ce3-4533-bc40-c58108455a8c",
	"name": "LKS Environment",
	"values": [
		{
			"key": "url",
			"value": "localhost:8080",
			"enabled": true
		},
		{
			"key": "board_id",
			"value": "1",
			"enabled": true
		},
		{
			"key": "user_id",
			"value": "1",
			"enabled": true
		},
		{
			"key": "card_id",
			"value": "1",
			"enabled": true
		},
		{
			"key": "AUTHORIZATION_TOKEN",
			"value": "addtokenhere ",
			"enabled": true
		},
		{
			"key": "username",
			"value": "competitor",
			"enabled": true
		},
		{
			"key": "password",
			"value": "indonesia",
			"enabled": true
		}
	],
	"_postman_variable_scope": "environment",
	"_postman_exported_at": "2019-07-10T01:06:32.323Z",
	"_postman_exported_using": "Postman/7.1.1"
}