{
	"info": {
		"_postman_id": "ed30e4de-baf9-4964-9e14-480d32d2a290",
		"name": "LKS Server",
		"schema": "https://schema.getpostman.com/json/collection/v2.1.0/collection.json"
	},
	"item": [
		{
			"name": "Authentication",
			"item": [
				{
					"name": "Logout",
					"request": {
						"auth": {
							"type": "bearer",
							"bearer": [
								{
									"key": "token",
									"value": "",
									"type": "string"
								}
							]
						},
						"method": "GET",
						"header": [],
						"url": {
							"raw": "{{url}}/v1/auth/logout?token={{AUTHORIZATION_TOKEN}}",
							"host": [
								"{{url}}"
							],
							"path": [
								"v1",
								"auth",
								"logout"
							],
							"query": [
								{
									"key": "token",
									"value": "{{AUTHORIZATION_TOKEN}}"
								}
							]
						}
					},
					"response": []
				},
				{
					"name": "Register",
					"event": [
						{
							"listen": "test",
							"script": {
								"id": "7b22013f-f919-4523-aed5-1f82260c122f",
								"exec": [
									"var jsonData = pm.response.json();",
									"var currentPassword = pm.environment.get(\"currentPassword\");",
									"var newPassword = pm.environment.get(\"newPassword\");",
									"if(jsonData.code == 200) {",
									"    pm.environment.set(\"currentPassword\", newPassword);",
									"    pm.environment.set(\"newPassword\", currentPassword);",
									"}"
								],
								"type": "text/javascript"
							}
						}
					],
					"request": {
						"method": "POST",
						"header": [
							{
								"key": "Content-Type",
								"value": "application/x-www-form-urlencoded"
							}
						],
						"body": {
							"mode": "urlencoded",
							"urlencoded": [
								{
									"key": "first_name",
									"value": "competitor",
									"type": "text"
								},
								{
									"key": "last_name",
									"value": "indonesia",
									"type": "text"
								},
								{
									"key": "username",
									"value": "{{username}}",
									"type": "text"
								},
								{
									"key": "password",
									"value": "{{password}}",
									"type": "text"
								}
							]
						},
						"url": {
							"raw": "{{url}}/v1/auth/register",
							"host": [
								"{{url}}"
							],
							"path": [
								"v1",
								"auth",
								"register"
							]
						}
					},
					"response": []
				},
				{
					"name": "Login",
					"event": [
						{
							"listen": "test",
							"script": {
								"id": "7b22013f-f919-4523-aed5-1f82260c122f",
								"exec": [
									"var jsonData = pm.response.json();",
									"var currentPassword = pm.environment.get(\"currentPassword\");",
									"var newPassword = pm.environment.get(\"newPassword\");",
									"if(jsonData.code == 200) {",
									"    pm.environment.set(\"currentPassword\", newPassword);",
									"    pm.environment.set(\"newPassword\", currentPassword);",
									"}"
								],
								"type": "text/javascript"
							}
						}
					],
					"request": {
						"method": "POST",
						"header": [
							{
								"key": "Content-Type",
								"value": "application/x-www-form-urlencoded"
							}
						],
						"body": {
							"mode": "urlencoded",
							"urlencoded": [
								{
									"key": "username",
									"value": "{{username}}",
									"type": "text"
								},
								{
									"key": "password",
									"value": "{{password}}",
									"type": "text"
								}
							]
						},
						"url": {
							"raw": "{{url}}/v1/auth/login",
							"host": [
								"{{url}}"
							],
							"path": [
								"v1",
								"auth",
								"login"
							]
						}
					},
					"response": []
				}
			],
			"auth": {
				"type": "bearer",
				"bearer": [
					{
						"key": "token",
						"value": "{{token}}",
						"type": "string"
					}
				]
			},
			"event": [
				{
					"listen": "prerequest",
					"script": {
						"id": "48bbac24-eb59-4fd5-a69b-20e81d23f1d9",
						"type": "text/javascript",
						"exec": [
							""
						]
					}
				},
				{
					"listen": "test",
					"script": {
						"id": "96227569-874b-439f-a790-c8ec68b6758b",
						"type": "text/javascript",
						"exec": [
							""
						]
					}
				}
			]
		},
		{
			"name": "List",
			"item": [
				{
					"name": "Move list to right",
					"request": {
						"method": "POST",
						"header": [],
						"url": {
							"raw": "{{url}}/v1/board/{{board_id}}/list/{{list_id}}/right?token={{AUTHORIZATION_TOKEN}}",
							"host": [
								"{{url}}"
							],
							"path": [
								"v1",
								"board",
								"{{board_id}}",
								"list",
								"{{list_id}}",
								"right"
							],
							"query": [
								{
									"key": "token",
									"value": "{{AUTHORIZATION_TOKEN}}"
								}
							]
						}
					},
					"response": []
				},
				{
					"name": "Move list to left",
					"request": {
						"method": "POST",
						"header": [],
						"url": {
							"raw": "{{url}}/v1/board/{{board_id}}/list/{{list_id}}/left?token={{AUTHORIZATION_TOKEN}}",
							"host": [
								"{{url}}"
							],
							"path": [
								"v1",
								"board",
								"{{board_id}}",
								"list",
								"{{list_id}}",
								"left"
							],
							"query": [
								{
									"key": "token",
									"value": "{{AUTHORIZATION_TOKEN}}"
								}
							]
						}
					},
					"response": []
				},
				{
					"name": "Delete List",
					"request": {
						"method": "DELETE",
						"header": [],
						"url": {
							"raw": "{{url}}/v1/board/{{board_id}}/list/{{list_id}}?token={{AUTHORIZATION_TOKEN}}",
							"host": [
								"{{url}}"
							],
							"path": [
								"v1",
								"board",
								"{{board_id}}",
								"list",
								"{{list_id}}"
							],
							"query": [
								{
									"key": "token",
									"value": "{{AUTHORIZATION_TOKEN}}"
								}
							]
						}
					},
					"response": []
				},
				{
					"name": "Create New List",
					"event": [
						{
							"listen": "test",
							"script": {
								"id": "7b22013f-f919-4523-aed5-1f82260c122f",
								"exec": [
									"var jsonData = pm.response.json();",
									"var currentPassword = pm.environment.get(\"currentPassword\");",
									"var newPassword = pm.environment.get(\"newPassword\");",
									"if(jsonData.code == 200) {",
									"    pm.environment.set(\"currentPassword\", newPassword);",
									"    pm.environment.set(\"newPassword\", currentPassword);",
									"}"
								],
								"type": "text/javascript"
							}
						}
					],
					"request": {
						"method": "POST",
						"header": [
							{
								"key": "Content-Type",
								"value": "application/x-www-form-urlencoded"
							}
						],
						"body": {
							"mode": "urlencoded",
							"urlencoded": [
								{
									"key": "name",
									"value": "new list",
									"type": "text"
								}
							]
						},
						"url": {
							"raw": "{{url}}/v1/board/{{board_id}}/list?token={{AUTHORIZATION_TOKEN}}",
							"host": [
								"{{url}}"
							],
							"path": [
								"v1",
								"board",
								"{{board_id}}",
								"list"
							],
							"query": [
								{
									"key": "token",
									"value": "{{AUTHORIZATION_TOKEN}}"
								}
							]
						}
					},
					"response": []
				},
				{
					"name": "Update List",
					"event": [
						{
							"listen": "test",
							"script": {
								"id": "7b22013f-f919-4523-aed5-1f82260c122f",
								"exec": [
									"var jsonData = pm.response.json();",
									"var currentPassword = pm.environment.get(\"currentPassword\");",
									"var newPassword = pm.environment.get(\"newPassword\");",
									"if(jsonData.code == 200) {",
									"    pm.environment.set(\"currentPassword\", newPassword);",
									"    pm.environment.set(\"newPassword\", currentPassword);",
									"}"
								],
								"type": "text/javascript"
							}
						}
					],
					"request": {
						"method": "PUT",
						"header": [
							{
								"key": "Content-Type",
								"value": "application/x-www-form-urlencoded"
							}
						],
						"body": {
							"mode": "urlencoded",
							"urlencoded": [
								{
									"key": "name",
									"value": "update list",
									"type": "text"
								}
							]
						},
						"url": {
							"raw": "{{url}}/v1/board/{{board_id}}/list/{{list_id}}?token={{AUTHORIZATION_TOKEN}}",
							"host": [
								"{{url}}"
							],
							"path": [
								"v1",
								"board",
								"{{board_id}}",
								"list",
								"{{list_id}}"
							],
							"query": [
								{
									"key": "token",
									"value": "{{AUTHORIZATION_TOKEN}}"
								}
							]
						}
					},
					"response": []
				}
			],
			"auth": {
				"type": "bearer",
				"bearer": [
					{
						"key": "token",
						"value": "{{token}}",
						"type": "string"
					}
				]
			},
			"event": [
				{
					"listen": "prerequest",
					"script": {
						"id": "48bbac24-eb59-4fd5-a69b-20e81d23f1d9",
						"type": "text/javascript",
						"exec": [
							""
						]
					}
				},
				{
					"listen": "test",
					"script": {
						"id": "96227569-874b-439f-a790-c8ec68b6758b",
						"type": "text/javascript",
						"exec": [
							""
						]
					}
				}
			]
		},
		{
			"name": "Card",
			"item": [
				{
					"name": "Create New Card",
					"request": {
						"method": "POST",
						"header": [
							{
								"key": "Content-Type",
								"name": "Content-Type",
								"value": "application/x-www-form-urlencoded",
								"type": "text"
							}
						],
						"body": {
							"mode": "formdata",
							"formdata": [
								{
									"key": "task",
									"value": "board task",
									"type": "text"
								}
							]
						},
						"url": {
							"raw": "{{url}}/v1/board/{{board_id}}/list/{{list_id}}/card?token={{AUTHORIZATION_TOKEN}}",
							"host": [
								"{{url}}"
							],
							"path": [
								"v1",
								"board",
								"{{board_id}}",
								"list",
								"{{list_id}}",
								"card"
							],
							"query": [
								{
									"key": "token",
									"value": "{{AUTHORIZATION_TOKEN}}"
								}
							]
						}
					},
					"response": []
				},
				{
					"name": "Move Card to another list",
					"request": {
						"method": "POST",
						"header": [],
						"url": {
							"raw": "{{url}}/v1/card/{{card_id}}/move/{{list_id}}?token={{AUTHORIZATION_TOKEN}}\n",
							"host": [
								"{{url}}"
							],
							"path": [
								"v1",
								"card",
								"{{card_id}}",
								"move",
								"{{list_id}}"
							],
							"query": [
								{
									"key": "token",
									"value": "{{AUTHORIZATION_TOKEN}}\n"
								}
							]
						}
					},
					"response": []
				},
				{
					"name": "Move Down Card",
					"request": {
						"method": "POST",
						"header": [],
						"url": {
							"raw": "{{url}}/v1/card/{{card_id}}/down?token={{AUTHORIZATION_TOKEN}}",
							"host": [
								"{{url}}"
							],
							"path": [
								"v1",
								"card",
								"{{card_id}}",
								"down"
							],
							"query": [
								{
									"key": "token",
									"value": "{{AUTHORIZATION_TOKEN}}"
								}
							]
						}
					},
					"response": []
				},
				{
					"name": "Delete Card",
					"request": {
						"method": "DELETE",
						"header": [],
						"url": {
							"raw": "/v1/board/{{board_id}}/list/{{list_id}}/card/{{card_id}}?token={{AUTHORIZATION_TOKEN}}",
							"path": [
								"v1",
								"board",
								"{{board_id}}",
								"list",
								"{{list_id}}",
								"card",
								"{{card_id}}"
							],
							"query": [
								{
									"key": "token",
									"value": "{{AUTHORIZATION_TOKEN}}"
								}
							]
						}
					},
					"response": []
				},
				{
					"name": "Move Up Card",
					"event": [
						{
							"listen": "test",
							"script": {
								"id": "7b22013f-f919-4523-aed5-1f82260c122f",
								"exec": [
									"var jsonData = pm.response.json();",
									"var currentPassword = pm.environment.get(\"currentPassword\");",
									"var newPassword = pm.environment.get(\"newPassword\");",
									"if(jsonData.code == 200) {",
									"    pm.environment.set(\"currentPassword\", newPassword);",
									"    pm.environment.set(\"newPassword\", currentPassword);",
									"}"
								],
								"type": "text/javascript"
							}
						}
					],
					"request": {
						"method": "POST",
						"header": [
							{
								"key": "Content-Type",
								"value": "application/x-www-form-urlencoded"
							}
						],
						"body": {
							"mode": "urlencoded",
							"urlencoded": []
						},
						"url": {
							"raw": "{{url}}/v1/card/{{card_id}}/up?token={{AUTHORIZATION_TOKEN}}",
							"host": [
								"{{url}}"
							],
							"path": [
								"v1",
								"card",
								"{{card_id}}",
								"up"
							],
							"query": [
								{
									"key": "token",
									"value": "{{AUTHORIZATION_TOKEN}}"
								}
							]
						}
					},
					"response": []
				},
				{
					"name": "Update Card",
					"event": [
						{
							"listen": "test",
							"script": {
								"id": "7b22013f-f919-4523-aed5-1f82260c122f",
								"exec": [
									"var jsonData = pm.response.json();",
									"var currentPassword = pm.environment.get(\"currentPassword\");",
									"var newPassword = pm.environment.get(\"newPassword\");",
									"if(jsonData.code == 200) {",
									"    pm.environment.set(\"currentPassword\", newPassword);",
									"    pm.environment.set(\"newPassword\", currentPassword);",
									"}"
								],
								"type": "text/javascript"
							}
						}
					],
					"request": {
						"method": "PUT",
						"header": [
							{
								"key": "Content-Type",
								"value": "application/x-www-form-urlencoded"
							}
						],
						"body": {
							"mode": "urlencoded",
							"urlencoded": [
								{
									"key": "task",
									"value": "update task",
									"type": "text"
								}
							]
						},
						"url": {
							"raw": "{{url}}/v1/board/{{board_id}}/list/{{list_id}}/card/{{card_id}}?token={{AUTHORIZATION_TOKEN}}",
							"host": [
								"{{url}}"
							],
							"path": [
								"v1",
								"board",
								"{{board_id}}",
								"list",
								"{{list_id}}",
								"card",
								"{{card_id}}"
							],
							"query": [
								{
									"key": "token",
									"value": "{{AUTHORIZATION_TOKEN}}"
								}
							]
						}
					},
					"response": []
				}
			],
			"auth": {
				"type": "bearer",
				"bearer": [
					{
						"key": "token",
						"value": "{{token}}",
						"type": "string"
					}
				]
			},
			"event": [
				{
					"listen": "prerequest",
					"script": {
						"id": "48bbac24-eb59-4fd5-a69b-20e81d23f1d9",
						"type": "text/javascript",
						"exec": [
							""
						]
					}
				},
				{
					"listen": "test",
					"script": {
						"id": "96227569-874b-439f-a790-c8ec68b6758b",
						"type": "text/javascript",
						"exec": [
							""
						]
					}
				}
			]
		},
		{
			"name": "Board",
			"item": [
				{
					"name": "Get All Board",
					"request": {
						"method": "GET",
						"header": [],
						"url": {
							"raw": "{{url}}/v1/board?token={{AUTHORIZATION_TOKEN}}",
							"host": [
								"{{url}}"
							],
							"path": [
								"v1",
								"board"
							],
							"query": [
								{
									"key": "token",
									"value": "{{AUTHORIZATION_TOKEN}}"
								}
							]
						}
					},
					"response": []
				},
				{
					"name": "Open Board",
					"request": {
						"method": "GET",
						"header": [],
						"url": {
							"raw": "{{url}}/v1/board/{{board_id}}?token={{AUTHORIZATION_TOKEN}}",
							"host": [
								"{{url}}"
							],
							"path": [
								"v1",
								"board",
								"{{board_id}}"
							],
							"query": [
								{
									"key": "token",
									"value": "{{AUTHORIZATION_TOKEN}}"
								}
							]
						}
					},
					"response": []
				},
				{
					"name": "Create New Board",
					"event": [
						{
							"listen": "test",
							"script": {
								"id": "7b22013f-f919-4523-aed5-1f82260c122f",
								"exec": [
									"var jsonData = pm.response.json();",
									"var currentPassword = pm.environment.get(\"currentPassword\");",
									"var newPassword = pm.environment.get(\"newPassword\");",
									"if(jsonData.code == 200) {",
									"    pm.environment.set(\"currentPassword\", newPassword);",
									"    pm.environment.set(\"newPassword\", currentPassword);",
									"}"
								],
								"type": "text/javascript"
							}
						}
					],
					"request": {
						"method": "POST",
						"header": [
							{
								"key": "Content-Type",
								"value": "application/x-www-form-urlencoded"
							}
						],
						"body": {
							"mode": "urlencoded",
							"urlencoded": [
								{
									"key": "name",
									"value": "new board",
									"type": "text"
								}
							]
						},
						"url": {
							"raw": "{{url}}/v1/board?token={{AUTHORIZATION_TOKEN}}",
							"host": [
								"{{url}}"
							],
							"path": [
								"v1",
								"board"
							],
							"query": [
								{
									"key": "token",
									"value": "{{AUTHORIZATION_TOKEN}}"
								}
							]
						}
					},
					"response": []
				},
				{
					"name": "Add Team Member",
					"event": [
						{
							"listen": "test",
							"script": {
								"id": "7b22013f-f919-4523-aed5-1f82260c122f",
								"exec": [
									"var jsonData = pm.response.json();",
									"var currentPassword = pm.environment.get(\"currentPassword\");",
									"var newPassword = pm.environment.get(\"newPassword\");",
									"if(jsonData.code == 200) {",
									"    pm.environment.set(\"currentPassword\", newPassword);",
									"    pm.environment.set(\"newPassword\", currentPassword);",
									"}"
								],
								"type": "text/javascript"
							}
						}
					],
					"request": {
						"method": "POST",
						"header": [
							{
								"key": "Content-Type",
								"value": "application/x-www-form-urlencoded"
							}
						],
						"body": {
							"mode": "urlencoded",
							"urlencoded": [
								{
									"key": "username",
									"value": "{{username}}",
									"type": "text"
								}
							]
						},
						"url": {
							"raw": "{{url}}/v1/board/{{board_id}}/member?token={{AUTHORIZATION_TOKEN}}",
							"host": [
								"{{url}}"
							],
							"path": [
								"v1",
								"board",
								"{{board_id}}",
								"member"
							],
							"query": [
								{
									"key": "token",
									"value": "{{AUTHORIZATION_TOKEN}}"
								}
							]
						}
					},
					"response": []
				},
				{
					"name": "Update Board",
					"event": [
						{
							"listen": "test",
							"script": {
								"id": "7b22013f-f919-4523-aed5-1f82260c122f",
								"exec": [
									"var jsonData = pm.response.json();",
									"var currentPassword = pm.environment.get(\"currentPassword\");",
									"var newPassword = pm.environment.get(\"newPassword\");",
									"if(jsonData.code == 200) {",
									"    pm.environment.set(\"currentPassword\", newPassword);",
									"    pm.environment.set(\"newPassword\", currentPassword);",
									"}"
								],
								"type": "text/javascript"
							}
						}
					],
					"request": {
						"method": "PUT",
						"header": [
							{
								"key": "Content-Type",
								"value": "application/x-www-form-urlencoded"
							}
						],
						"body": {
							"mode": "urlencoded",
							"urlencoded": [
								{
									"key": "name",
									"value": "update board",
									"type": "text"
								}
							]
						},
						"url": {
							"raw": "{{url}}/v1/board/{{board_id}}?token={{AUTHORIZATION_TOKEN}}",
							"host": [
								"{{url}}"
							],
							"path": [
								"v1",
								"board",
								"{{board_id}}"
							],
							"query": [
								{
									"key": "token",
									"value": "{{AUTHORIZATION_TOKEN}}"
								}
							]
						}
					},
					"response": []
				},
				{
					"name": "Delete Board",
					"event": [
						{
							"listen": "test",
							"script": {
								"id": "7b22013f-f919-4523-aed5-1f82260c122f",
								"exec": [
									"var jsonData = pm.response.json();",
									"var currentPassword = pm.environment.get(\"currentPassword\");",
									"var newPassword = pm.environment.get(\"newPassword\");",
									"if(jsonData.code == 200) {",
									"    pm.environment.set(\"currentPassword\", newPassword);",
									"    pm.environment.set(\"newPassword\", currentPassword);",
									"}"
								],
								"type": "text/javascript"
							}
						}
					],
					"request": {
						"method": "DELETE",
						"header": [
							{
								"key": "Content-Type",
								"value": "application/x-www-form-urlencoded"
							}
						],
						"body": {
							"mode": "urlencoded",
							"urlencoded": []
						},
						"url": {
							"raw": "{{url}}/v1/board/{{board_id}}?token={{AUTHORIZATION_TOKEN}}",
							"host": [
								"{{url}}"
							],
							"path": [
								"v1",
								"board",
								"{{board_id}}"
							],
							"query": [
								{
									"key": "token",
									"value": "{{AUTHORIZATION_TOKEN}}"
								}
							]
						}
					},
					"response": []
				},
				{
					"name": "Remove Team Member",
					"event": [
						{
							"listen": "test",
							"script": {
								"id": "7b22013f-f919-4523-aed5-1f82260c122f",
								"exec": [
									"var jsonData = pm.response.json();",
									"var currentPassword = pm.environment.get(\"currentPassword\");",
									"var newPassword = pm.environment.get(\"newPassword\");",
									"if(jsonData.code == 200) {",
									"    pm.environment.set(\"currentPassword\", newPassword);",
									"    pm.environment.set(\"newPassword\", currentPassword);",
									"}"
								],
								"type": "text/javascript"
							}
						}
					],
					"request": {
						"method": "DELETE",
						"header": [
							{
								"key": "Content-Type",
								"value": "application/x-www-form-urlencoded"
							}
						],
						"body": {
							"mode": "urlencoded",
							"urlencoded": []
						},
						"url": {
							"raw": "{{url}}/v1/board/{{board_id}}/member/{{user_id}}?token={{AUTHORIZATION_TOKEN}}",
							"host": [
								"{{url}}"
							],
							"path": [
								"v1",
								"board",
								"{{board_id}}",
								"member",
								"{{user_id}}"
							],
							"query": [
								{
									"key": "token",
									"value": "{{AUTHORIZATION_TOKEN}}"
								}
							]
						}
					},
					"response": []
				}
			],
			"auth": {
				"type": "bearer",
				"bearer": [
					{
						"key": "token",
						"value": "{{token}}",
						"type": "string"
					}
				]
			},
			"event": [
				{
					"listen": "prerequest",
					"script": {
						"id": "48bbac24-eb59-4fd5-a69b-20e81d23f1d9",
						"type": "text/javascript",
						"exec": [
							""
						]
					}
				},
				{
					"listen": "test",
					"script": {
						"id": "96227569-874b-439f-a790-c8ec68b6758b",
						"type": "text/javascript",
						"exec": [
							""
						]
					}
				}
			]
		},
		{
			"name": "Index",
			"request": {
				"method": "GET",
				"header": [],
				"url": {
					"raw": "{{url}}",
					"host": [
						"{{url}}"
					]
				}
			},
			"response": []
		}
	]
}